deity_id	extended_summary	primary_sources	external_links
DEI-001	【記紀における位置】出雲神話の中心神、葦原中国(あしはらのなかつくに)の創造者。『古事記』では須佐之男命の六世孫として系譜化され、八十神に二度殺害されながら根の国でスサノオの試練を経て蘇生し、葦原中国の主となる。少彦名命と国造りを行い、後に高天原から派遣された建御雷神・天鳥船神(古事記)/経津主神(日本書紀本文)に国譲りを迫られ「皇孫の住む宮を立派に造ってくれれば隠れる」と承諾、出雲大社造営の根拠説話となる。【複合神格論】『日本書紀』神代上第八段一書には大物主(三輪山)・大国魂・大己貴・葦原醜男(あしはらしこお)・八千矛・宇都志国玉(うつしくにたま)など多数の別名が併記され、複数の在地神話が習合した複合神格と考えられる(L1-L2)。出雲国造神賀詞では「所造天下大神(あめのしたつくらしし)」と称される最高神格。【中世神話】記紀以後、中世神道では大国(だいこく)が音通で大黒天(大自在天=シヴァ)と習合し、米俵に乗る福徳神化(L1、室町期『大黒舞』『太閤記』等)。【近代以降】縁結び・医薬・農業の神として全国の出雲神社系・大国主神社で信仰、出雲大社の本殿祭神。明治の神仏分離で大黒天と分離されたが民間信仰では今なお習合が残る。	古事記(神代上 大国主段)|日本書紀(神代上 第八段本文・一書)|出雲国造神賀詞|出雲国風土記|延喜式神名帳|中世日本紀	国立国会図書館 古事記 https://dl.ndl.go.jp/pid/991094 / 出雲大社公式 https://izumooyashiro.or.jp/ / 出雲国造神賀詞 https://k-amc.kokugakuin.ac.jp/
DEI-002	【誕生・三貴子】イザナギの黄泉国訪問後の禊で鼻から生まれた末弟。三貴子の一柱だが、姉アマテラスと激しく対立する両義的神格。【高天原追放】母イザナミを慕い泣き続けて荒れたため、父に追放される。高天原に登り誓約(うけい)でアマテラスとの子を儲けるが、岩戸隠れの直接原因となる暴挙(田を破壊、新嘗の御殿に糞、神衣を織る天石屋戸の機織女を殺害)で高天原を追放される。【出雲段】出雲国簸川(ひのかわ)上流に降臨し、八岐大蛇を退治してクシナダヒメを救出・婚姻、宮殿建設で「八雲立つ 出雲八重垣 妻籠みに 八重垣作る その八重垣を」を詠み、和歌の祖とされる(『古事記』)。退治した大蛇尾から得た草薙剣を高天原に献上(三種の神器の一)。【根の国主神】根の国(『古事記』では母イザナミと結合される異界)の主神として大国主の試練を課す。【習合と疫神信仰】中世以降、インド祇園精舎の守護神・牛頭天王と習合(L1、『備後国風土記』逸文の蘇民将来説話で「武塔天神」=スサノオが疫病退散神として現れる)、八坂神社・氷川神社・津島神社の主祭神化。【記紀本文異同】『日本書紀』本文では国譲り段で「素戔嗚尊が韓郷之島で植林した」など本紀末「一書」の朝鮮半島渡来説話があり、出雲のスサノオが新羅曽尸茂梨(そしもり)から戻ったとの記述から、新羅系渡来神説あり(L2)。明治神仏分離で牛頭天王系神社は強制的にスサノオ表記に改名(祇園社→八坂神社等)。	古事記(神代上 三貴子・八岐大蛇段)|日本書紀(神代上 第六〜八段)|出雲国風土記|備後国風土記逸文(蘇民将来)|延喜式神名帳	八坂神社公式 http://www.yasaka-jinja.or.jp/ / 国会図書館 古事記 https://dl.ndl.go.jp/pid/991094 / 備後国風土記逸文 https://k-amc.kokugakuin.ac.jp/DM/detail.do?class_name=col_eos&data_id=27510
DEI-003	【最高神格】高天原(たかまがはら)の主宰神、皇祖神。記紀神話の頂点に位置し、神々の世界(高天原)を統治する。三貴子の長女で太陽神格、『日本書紀』では「大日孁貴(おおひるめのむち)」「天照大日孁尊」とも書かれ、原型は太陽神を司る巫女神(日孁)とされる(L2、大山誠一らの研究)。【主要神話】(1) 岩戸隠れ — スサノオの暴挙に怒り天石屋戸に籠もり世界は闇に。八百万の神々が天宇受売の神懸かり舞・思金神の策で岩戸前祭祀を行い、天手力雄が岩戸を引き開けて世界に光が戻る神話的祭祀の原型。(2) 国譲り — 高天原から建御雷神等を派遣し葦原中国を平定。(3) 天孫降臨 — 孫の邇邇芸命に三種の神器(八咫鏡・天叢雲剣=草薙剣・八尺瓊勾玉)と斎庭の稲穂を授け、葦原中国の支配を委任。【伊勢鎮座】崇神朝に皇居から外に出され(『日本書紀』崇神6年)、垂仁朝に倭姫命が大和→伊賀→近江→美濃→伊勢を巡り五十鈴川上に鎮座(『倭姫命世記』、元伊勢伝承)。【神宮制度】持統4(690)年第1回式年遷宮以降、20年周期で社殿・神宝を完全更新する世界類例なき祭祀。神嘗祭(10/15-17)・月次祭・新嘗祭の三節祭が中核。【神道思想史】中世伊勢神道(度会神道)では天照=天御中主神同体説、吉田神道では宇宙根源神化、本居宣長『古事記伝』で皇祖神論を確立。【近代】明治の神道国家化で皇祖神=国家神格として確立、敗戦後は国家神道解体され神社本庁の中心神格として継承。日本の神社で最高頻度で祀られる神(全国の神明・天祖系神社を含めると数万社)。	古事記(神代上 岩戸・天孫降臨)|日本書紀(神代上 第六〜九段)|延喜式神名帳|皇大神宮儀式帳|倭姫命世記|古語拾遺	伊勢神宮公式 https://www.isejingu.or.jp/ / 皇大神宮儀式帳 https://dl.ndl.go.jp/pid/991103 / 倭姫命世記 https://dl.ndl.go.jp/pid/991096
DEI-010	【記紀における位置】大国主神の御子神。母は沼河比売(ヌナカワヒメ、越国=糸魚川の女神)で、父大国主が越まで求婚に出向く「八千矛神の歌物語」(『古事記』中の長大な歌謡)の結果生まれた神。【国譲り段】高天原の使者・建御雷神に対して兄事代主が承諾するなか、唯一抗戦して相撲(原初的格闘神話)に挑むが敗北、信濃国諏訪湖まで追われ「ここから出ない」と誓って降伏(『古事記』のみ。『日本書紀』本文には登場せず、第九段一書のみ)。記紀本文の差異は出雲・諏訪の在地神話を朝廷編纂時にどう収めるかの政治判断を反映(L2)。【諏訪信仰】諏訪大社上社(本宮・前宮)主祭神。古代から中世まで諏訪上社では大祝(おおほうり)が「現人神」(神そのもの)として君臨する独自神政制度を保持。御頭祭(かつての鹿頭75頭奉納神事)・御柱祭(7年に一度・寅申年)など縄文・弥生まで遡る古層祭祀を継承。【翡翠文化との関連】母ヌナカワヒメと糸魚川の翡翠(ヒスイ)文化(縄文中期〜古墳期)の関連(L2、寺村光晴・井上幸治らの研究)、諏訪が黒曜石産地で旧石器〜縄文の交易拠点だったことから、原始的山岳・水辺信仰の人格化との説あり。【武勇神化】中世以降、武勇神として源頼朝(信濃支配の正統性)・武田信玄(諏訪法性兜)等の崇敬を集める。鎌倉幕府は諏訪大祝を御家人化、戦国期は武田氏が諏訪信仰を組織化。【近代】明治の祭政分離で諏訪大祝制度は廃止、神社化。武勇・狩猟・農耕の神として現代も全国の諏訪神社(約1万社)で信仰。	古事記(神代上 八千矛・神代下 国譲り段)|日本書紀(神代下 第九段一書)|諏訪大明神画詞|諏訪信重解状|諏方上社年内神事次第旧記	国会図書館 古事記 https://dl.ndl.go.jp/pid/991094 / 諏訪大社公式 https://suwataisha.or.jp/ / 諏訪大明神画詞 https://dl.ndl.go.jp/pid/2543169
DEI-029	諏訪下社の主祭神、タケミナカタの妃。記紀には登場せず諏訪大社社伝・地元伝承のみに現れる(L1)。下社秋宮・春宮の祭神として一年を半年交替で遷座する。御神渡神事(湖面結氷時の亀裂)は上社男神(建御名方)が下社女神(八坂刀売)を訪ねた跡とされる。	諏訪大社社伝|諏訪大明神画詞|諏訪旧記	諏訪大社公式 https://suwataisha.or.jp/ / 諏訪市博物館 https://suwacitymuseum.jp/
DEI-132	諏訪の在来神。タケミナカタが諏訪に来訪する以前から土着していたとされ、抗争の末にタケミナカタに敗れて服属し、以後その祭祀を世襲したと「諏訪大明神画詞」に記される。守矢家(諏訪上社神官)の祖神。鉄輪を武器に戦ったとの伝承あり。守矢家は近代まで諏訪上社の祭祀権の核(神長官)を継承し、現在の神長官守矢史料館(茅野市)に古文書群が伝わる。	守矢家文書|諏訪大明神画詞(延文元年1356)|諏訪旧記|宮坂光昭「諏訪大社の御柱と祭り」	神長官守矢史料館 https://suwacitymuseum.jp/moriya/ / 諏訪大社公式 https://suwataisha.or.jp/ / 国会図書館 諏訪大明神画詞 https://dl.ndl.go.jp/pid/2543169
DEI-133	諏訪上社前宮を中心に祀られる古層の神。守矢家が代々大祝(おおほうり)に憑依させる秘儀「御室神事(みむろしんじ)」の核。樹木・石・蛇・雷・蛙の象徴を持つ。柳田國男・今井野菊らは縄文時代の精霊信仰(アニミズム)の残存と論じる(L3)。全国に「シャグジ」「サグジ」「シャクジン」「石神」等の名で 1000 社以上分布、関東・東海・中部に集中。御柱祭・御頭祭(鹿頭奉献)等の諏訪祭祀と一体。古代神話には登場せず、文献初出は中世「諏訪大明神画詞」。神名の語源は不明、「御社宮司」「赤口神」等の異表記あり。	守矢家文書(中世以来の家伝)|諏訪大明神画詞|今井野菊「諏訪信仰の研究」|宮地直一「諏訪史」|大祝諏訪家文書	神長官守矢史料館 https://suwacitymuseum.jp/moriya/ / 諏訪大社公式 https://suwataisha.or.jp/ / 茅野市公式(縄文 ZOO)https://www.city.chino.lg.jp/site/jomon/
DEI-167	阿曇族(志賀海神社神官)の祖神とされる海人の英雄神。神功皇后の三韓征討に際し海上の道を開いたと伝わる(L1-L2、太平記・諸縁起)。顔に貝や海藻が付着した異形の海神として描かれ、海中の住まいから現れたとされる。志賀海神社(福岡市東区志賀島)摂社で奉斎、山誉め祭の神楽歌に登場する。阿曇族は北部九州を本拠としつつ、信濃安曇野(穂高神社)・愛知渥美・滋賀安曇川等に内陸展開した海人系氏族の中軸。	筑前国風土記逸文|太平記(磯良舞)|諸縁起|志賀海神社社伝|穂高神社社伝	志賀海神社公式 https://shikaumi-jinja.jp/ / 穂高神社公式 https://www.hotakajinja.com/ / 福岡市博物館(志賀島・金印関連)https://museum.city.fukuoka.jp/
DEI-168	海宮(綿津見宮)の主神、豊玉姫・玉依姫の父。山幸彦(ヒコホホデミ)が兄海幸彦の釣針を求めて訪れた海底の宮の主。海幸山幸神話の中軸。書紀では「大綿津見神」「少童命(わたつみのみこと)」等の表記あり。対馬の和多都美神社(海中鳥居で著名)、神戸の海神社などが分祀。	古事記(神代下、海幸山幸段)|日本書紀(神代下・第十段)|和多都美神社社伝	国会図書館 古事記 https://dl.ndl.go.jp/pid/991094 / 和多都美神社(対馬観光物産協会)https://www.tsushima-net.org/spot/spot_001/
DEI-272	客人神(まろうどがみ)として東北・関東を中心に祀られる古層の神。氷川神社(さいたま市)摂社・門客人神社の祭神が代表例。柳田國男・大江志乃夫らは、本来の主祭神が後から来た神に追われ客人化した、または縄文系・蝦夷系の土着神の残存(L3-L4)とする。神名の語源は「腕脛巾(あらはばき)」=旅装(脛当て)とも、アラ=荒(あらぶる)・ハバキ=境界とも諸説あり、確定しない。古史古伝「東日流外三郡誌(つがるそとさんぐんし)」で大規模に登場するが、これは近代の偽書(F0)であり信頼層から分離して扱う必要がある。	諸民俗(東北・関東各地の伝承)|武蔵一宮氷川神社摂社縁起|柳田國男「客人神(まれびと)」|大江志乃夫「アラハバキ神考」|折口信夫「古代研究」	武蔵一宮氷川神社公式 https://musashiichinomiya-hikawa.or.jp/ / 国会図書館「客人神」研究資料 https://www.ndl.go.jp/ / ※ 東日流外三郡誌は F0(偽書)に分類
DEI-442	本データベース独自の仮説的集合神格(L5)。HYP-001「縄文海進記憶仮説」に対応する。縄文時代前期(7000-5500 BP)の海進期、現在より海面が約 +5m 高かった時期に、内陸(現在の埼玉県川越市・栃木県小山市等まで)海が入り込んだ。この時代の景観記憶が、各地の貝塚立地・神社配置・国引き神話等に反映されているとする仮説。実在の神社で具体的に祀られているわけではないが、三内丸山遺跡・加曽利貝塚・大湯環状列石の祭祀地と概念的にリンクする。仮説の検証は困難で、L5 として注釈付きで扱う。	HYP-001(本基盤独自仮説)|岡村道雄「縄文の生活誌」|安田喜憲「気候変動と日本文化」|小杉康「縄文時代の海進と祭祀」	三内丸山遺跡公式 https://sannaimaruyama.pref.aomori.jp/ / 千葉市加曽利貝塚博物館 https://www.city.chiba.jp/kasori/ / 縄文遺跡群世界遺産 https://jomon-japan.jp/
DEI-064	山の神総体。古事記でイザナギ・イザナミの子として誕生。各地の大山祇神社(大三島・伊予国一宮、伊豆三嶋大社等)に祀られる。山岳・海上(瀬戸内では山当て=陸標航法から海上守護も)・鉱山・酒造・林業の守護神。娘にコノハナサクヤヒメ(ニニギ妃)・イワナガヒメ。	古事記(神代上)|日本書紀(神代上)|伊予国風土記逸文	大山祇神社公式 https://oomishimagu.jp/ / 三嶋大社公式 https://www.mishimataisha.or.jp/
DEI-181	【起源と性格】八幡神(やはたのかみ、はちまんしん)は記紀神話に登場しない非・記紀系神格。元は豊前国宇佐の在地神(L2、宇佐地方の海人・鍛冶集団の祖神とも、辛島氏の渡来系祖神とも)。欽明朝の御許山降臨伝承(社伝、L3)を持ち、奈良時代までに応神天皇神霊と習合した複合神格。【神仏習合の代表】神亀2(725)年現宇佐神宮の社殿造営、天平勝宝元(749)年に「八幡大神」が東大寺大仏造立に協力するため上京、天皇に対面し八幡大菩薩号(本邦初の神への菩薩号、続日本紀)を授与。神への仏教号付与は神仏習合の最初の正式例で、後の本地垂迹説の起点。【政治的展開】神護景雲3(769)年・道鏡事件で和気清麻呂が宇佐神託「皇緒(こうしょ)を以て継ぐべし」を奉じ道鏡の皇位簒奪を阻止、皇統護持神として中央祭祀化。貞観元(859)年に行教が宇佐から京都男山(石清水八幡宮)に勧請、皇城裏鬼門守護神化。【武家信仰】康平6(1063)年源頼義が前九年の役勝利祈願で石清水を鎌倉由比郷に勧請、治承4(1180)年源頼朝が現鶴岡八幡宮に遷座、源氏(後に武家全般)の氏神化。鎌倉幕府開府以降、武家政権の精神的支柱として全国に2万余の分社、現在は4万社超で日本最多神社系統。【三神信仰】八幡神(応神)・比売大神(宗像三女神/玉依姫等の説あり)・神功皇后の三柱で「八幡三神」として祀られるのが標準。【明治神仏分離】八幡大菩薩号は明治の神仏分離(1868)で剥奪、応神天皇に名称統一。【現代】全国神社の約1/3が八幡系。武運・厄除け・子供守護・スポーツ守護(鎌倉の流鏑馬等)の神として広範な信仰。	続日本紀(天平勝宝元年)|宇佐宮御託宣集(嘉元2年=1304)|石清水八幡宮文書|鶴岡八幡宮文書|延喜式神名帳|吾妻鏡	宇佐神宮公式 https://www.usajinguu.com/ / 石清水八幡宮公式 https://iwashimizu.or.jp/ / 鶴岡八幡宮公式 https://www.hachimangu.or.jp/
DEI-184	宇佐神宮第二殿祭神。八幡三神(八幡神・神功皇后・比売大神)の一柱だが、比売大神の正体には諸説あり。宗像三女神(市杵島姫等)同体説、卑弥呼(邪馬台国九州説と結合する L4 仮説)、神功皇后の母系祖神説など。宇佐宮御託宣集は宗像三女神同体説を支持する。	宇佐宮御託宣集|宗像大社社伝|諸研究(白石太一郎・大和岩雄ら)	宇佐神宮公式 https://www.usajinguu.com/ / 宗像大社公式 https://munakata-taisha.or.jp/ / ※ 卑弥呼同体説は L4 仮説、断定回避
DEI-019	宗像三女神の一柱、辺津宮(田島)祭神。スサノオと天照大神の誓約(うけい)で生まれた。中世以降、弁才天(弁財天)と習合し、芸能・水・財運の女神として全国に分祀(竹生島・厳島・江の島等)。瀬戸内航路の守護神。	古事記(神代上、誓約段)|日本書紀(神代上、第六段一書)|宗像大社社伝	宗像大社公式 https://munakata-taisha.or.jp/ / 厳島神社公式 https://www.itsukushimajinja.jp/
DEI-009	大国主の御子。国譲りに際し美保関で釣りをしていて即座に承諾した(古事記)。書紀では事代主のみが大物主と並ぶ託宣神として扱われる。中世以降、恵比寿神と習合(L1、美保神社・宝船信仰)。妃に玉櫛媛、娘の媛蹈韛五十鈴媛が神武皇后となり、皇統と出雲を結ぶ要となる。	古事記(神代下、国譲り段)|日本書紀(神代下)|出雲国造神賀詞|美保神社社伝	美保神社公式 https://mihojinja.or.jp/ / 国会図書館 古事記 https://dl.ndl.go.jp/pid/991094
DEI-016	景行天皇の皇子、仲哀天皇の父。古事記・書紀で東西征討の英雄として描かれる。熊襲・出雲建を斬り、東国に赴いて伊吹山神に敗れ伊勢能褒野で薨ず。白鳥となって飛去ったとされる。熱田神宮に草薙剣を奉斎(剣は元はスサノオがオロチから得たもの、書紀第八段一書)。	古事記(中巻、景行段)|日本書紀(景行紀・成務紀)|尾張国風土記	熱田神宮公式 https://www.atsutajingu.or.jp/ / 国会図書館 日本書紀 https://dl.ndl.go.jp/pid/991095
DEI-501	平安初期の貴族・学者。承和12年(845)生。右大臣まで上るも藤原時平の讒言で延喜元年(901)大宰権帥に左遷、延喜3年(903)大宰府で薨去。死後、京で天変・疫病・落雷が続き、藤原時平・醍醐皇子の死等が道真の怨霊によるものとされ、延長元年(923)以降は朝廷で正一位太政大臣を追贈、北野天満宮を建立して祀る(天暦元年947)。天神信仰の祖、学問の神として現在も篤く信仰される。	日本三代実録|大鏡|北野天神縁起(建久年間)|大宰府天満宮古文書|菅家文草・菅家後集(道真自身の漢詩集)	北野天満宮公式 https://kitanotenmangu.or.jp/ / 大宰府天満宮公式 https://www.dazaifutenmangu.or.jp/ / 国会図書館 北野天神縁起絵巻 https://dl.ndl.go.jp/pid/2543169
DEI-107	祝詞の神、中臣氏(後の藤原氏)祖神。岩戸隠れ神話で岩戸前で祝詞を奏上した。中臣鎌足(藤原氏祖)の遠祖。春日大社第三殿(若宮の親神)主祭神。	古事記(神代上、岩戸段)|日本書紀(神代上、第七段)|新撰姓氏録(中臣朝臣条)	春日大社公式 https://www.kasugataisha.or.jp/
DEI-011	【誕生】イザナギが火神カグツチを斬った剣に滴る血から生まれた剣神(『古事記』神代上)。書紀第七段一書では「磐裂・根裂神の子」とも。【国譲り神話の主役】『古事記』では天鳥船神を従え葦原中国に降り、出雲の伊那佐之小浜で十拳剣の切先に座して大国主に国譲りを迫る武神。事代主・建御名方を屈服させ国譲りを完成。『日本書紀』本文では経津主神が主役で建御雷は副次的だが、第九段一書では同等以上の扱い。【藤原氏氏神化】常陸国鹿島(現・茨城県鹿島神宮)に鎮座、中臣・藤原氏の氏神として神護景雲2(768)年に春日大社第一殿に勧請(神鹿に乗って奈良へ遷ったとされる「春日神鹿伝承」)。【信仰圏】鹿島神宮(常陸国一宮、東国軍事拠点)・春日大社・全国の鹿島神社で奉斎。中世以降、武家の崇敬篤く、特に源頼朝・源義家・武田信玄等が必勝祈願。【鯰絵】江戸期、鹿島大神宮の要石(かなめいし)で大地震を起こす大鯰を抑える信仰が成立、安政江戸地震(1855)後に「鯰絵」が大流行、地震除け神化。【現代】奈良の鹿(春日大社神鹿)は今も天然記念物として保護、東国経略・武運・地震守護の神。	古事記(神代上 神生み・神代下 国譲り段)|日本書紀(神代上 第六段・神代下 第九段本文/一書)|常陸国風土記|鹿島神宮文書|春日大社縁起	鹿島神宮公式 https://kashimajingu.jp/ / 春日大社公式 https://www.kasugataisha.or.jp/
DEI-012	香取神宮(下総国一宮)主祭神、物部氏祖神。書紀本文では国譲りの主役。古事記では登場せず書紀のみ。剣神「斎主神」「経津主神」とも。春日大社第二殿に勧請。	日本書紀(神代下、第九段)|香取神宮社伝|春日大社社伝|先代旧事本紀	香取神宮公式 https://www.katori-jingu.or.jp/ / 春日大社公式 https://www.kasugataisha.or.jp/
DEI-014	【三輪山神格】奈良盆地東部の三輪山(467m、円錐形山容)を神体とする日本最古層の山岳神。本殿を持たず三輪山そのものを拝む祭祀形態は、神社建築以前の磐座・神奈備(かんなび)祭祀の原型を残す。【崇神朝祟り神話】疫病大流行(『日本書紀』崇神7年)で大物主の祟りと判明、神の子孫・大田田根子(おおたたねこ)を捜し出して祭主とし疫病平癒。崇神紀の中核説話で、ヤマト王権による在地神祭祀統合の神話的表現。【神婚説話】崇神朝・倭迹迹日百襲姫命(やまとととひももそひめ)との神婚譚 — 夜のみ訪れる蛇体の神に正体を見せるよう請うと、櫛箱の中に小蛇が現れ姫が驚き叫ぶと神は恥じて三輪山に帰り、姫は箸で陰部を突いて死亡し箸墓古墳に葬られた(『日本書紀』崇神紀)。箸墓は卑弥呼墓説の有力候補(L2-L3、纒向遺跡発掘の進展)で、邪馬台国畿内説の核心的史跡。【大国主同体論】『日本書紀』神代上 第八段一書「大物主神は則ち大国主神の幸魂奇魂なり、海を光して依り来る」と明記、出雲の大国主と三輪の大物主を統合する神学。本居宣長『古事記伝』は別神説、平田篤胤は同神説、近代以降の研究では出雲・大和の在地神話統合説(L2、上田正昭・松前健)。【祭祀継承】三輪氏(大三輪氏)祖神、賀茂氏とも縁戚(『古事記』中巻 神武段の事代主同体説)。大神神社(大和国一宮、本殿なし・三ツ鳥居形式)、活日(いくひ)神社・狭井神社・桧原神社等の摂末社で構成される広大な神域。【酒・薬の神】崇神朝の高橋活日命に酒を奉らせた伝承から酒造の神、狭井神社の薬井戸から薬の神。【現代】三輪素麺・三輪明神信仰として全国に分布、毎年4月の鎮花祭(薬まつり)は製薬業界の崇敬対象。	古事記(中巻 崇神・神武段)|日本書紀(神代上 第八段一書・崇神紀)|大神神社社伝|出雲国造神賀詞|大三輪氏系図	大神神社公式 https://oomiwa.or.jp/ / 国会図書館 日本書紀 崇神紀 https://dl.ndl.go.jp/pid/991095
DEI-340	物部氏祖神。「天照国照彦天火明櫛玉饒速日尊」(あまてるくにてるひこあめのほあかりくしたまにぎはやひ)。神武東征以前に河内・大和を統治していたとされる(古事記・書紀)。妻 三炊屋媛(長髄彦妹)との子 宇摩志麻治命が物部氏祖。先代旧事本紀(平安初期、物部氏家伝)に詳細記録。同書は中世に偽書とされたが近年再評価。	古事記(神武段)|日本書紀(神武紀)|先代旧事本紀|石上神宮社伝	石上神宮公式 https://www.isonokami.jp/ / 国会図書館 先代旧事本紀 https://dl.ndl.go.jp/pid/991096
DEI-561	古事記・書紀ともに実在性の高い最初の天皇(L0)。「ハツクニシラス スメラミコト」(初国知らす天皇)。三輪山祭祀権を確立、四道将軍を派遣して国土平定、出雲国造に神宝奉献を命じる等、王権の組織化が進んだ時代として描かれる。考古学的にも纒向遺跡が宮都候補とされ、3-4 世紀の三輪王権の始祖と推定される。御陵は山辺道勾岡上陵(奈良県天理市、行燈山古墳)。	古事記(中巻、崇神段)|日本書紀(崇神紀)|出雲国造神賀詞|常陸国風土記	国会図書館 日本書紀 崇神紀 https://dl.ndl.go.jp/pid/991095 / 桜井市纒向学研究センター http://www.makimukugaku.jp/ / 宮内庁 山辺道勾岡上陵 https://www.kunaicho.go.jp/
DEI-568	古事記・書紀の伝承上「第21代」とされる天皇。日本書紀の没年雄略23年が一般に479年に比定される。埼玉県稲荷山古墳出土鉄剣銘(471年、辛亥年)に「獲加多支鹵大王(ワカタケル大王)」と刻まれ、雄略との同定がほぼ確実(L0)。中国南朝宋書の倭の五王「武」とも比定される。倭王権の中央集権化が進んだ時代の象徴。	古事記(下巻、雄略段)|日本書紀(雄略紀)|稲荷山古墳鉄剣銘文(471)|宋書倭国伝(478 武王上表文)	稲荷山古墳鉄剣銘 さきたま史跡の博物館 https://sakitama-muse.spec.ed.jp/ / 宋書倭国伝(国会図書館)
DEI-569	伝・第26代天皇。応神天皇 5 世孫を称して越前国(福井県坂井市)から迎えられ、507 年(継体元年)即位。直接の血統が継体以前の天皇との連続性が薄いことから「王朝交代説」が提示される(L2、水野祐ら)。一方、越前出身は単なる傍系継承で連続性は保たれているとする説も有力。仏教公伝直前の重要天皇。	日本書紀(継体紀)|古事記(下巻)|上宮記(逸文、平安初期)|諸研究(水野祐「日本古代王朝史論序説」)	国会図書館 日本書紀 継体紀 https://dl.ndl.go.jp/pid/991095 / 福井県越前町 継体天皇関連 https://www.town.echizen.fukui.jp/ / ※ 王朝交代説は L2 仮説、両論並記
DEI-211	修験道の祖と仰がれる人物。賀茂氏出身、葛城山で修行、文武天皇 3 年(699)伊豆大島へ流される。後に大峰山・熊野・吉野で修行を続けたと伝わる(続日本紀に流刑記述あり、L0)。神仏習合の修験道を体系化した中世の祖、金峯山寺・大峰山等の修験霊場の精神的核。各地で「役行者像」が祀られる。	続日本紀(文武紀)|日本霊異記(平安初期)|諸修験書|金峯山秘伝	金峯山寺公式 https://www.kinpusen.or.jp/ / 国会図書館 続日本紀 https://dl.ndl.go.jp/pid/991097
DEI-543	平安初期の真言宗開祖。宝亀5年(774)讃岐生。延暦23年(804)入唐、青龍寺の恵果から灌頂を受け、大同元年(806)帰朝。弘仁7年(816)高野山開創。承和2年(835)入定(高野山奥之院)。「弘法大師」の諡号は延喜21年(921)。書・教育・土木(満濃池修築)等多方面で活躍、日本最大の文化的英雄の一人。	空海伝(続日本後紀)|高野山縁起|空海自筆文書(国宝多数)|高野山金剛峯寺文書	高野山金剛峯寺公式 https://www.koyasan.or.jp/ / 国会図書館 空海関連デジタル https://dl.ndl.go.jp/ / 善通寺公式(空海誕生地)https://www.zentsuji.com/
DEI-544	平安初期の天台宗開祖。神護景雲元年(767)近江坂本生。延暦7年(788)比叡山に一乗止観院(後の延暦寺)創建。延暦23年(804)入唐、天台山で天台教学を学ぶ。弘仁13年(822)入滅。「伝教大師」諡号は貞観8年(866)。日本に大乗戒壇を初めて設置(嵯峨天皇勅許)、後の鎌倉新仏教(法然・親鸞・道元・日蓮)はすべて延暦寺出身。	最澄伝(顕戒論等)|延暦寺縁起|嵯峨天皇宸翰(国宝)	比叡山延暦寺公式 https://www.hieizan.or.jp/ / 国会図書館 最澄関連デジタル https://dl.ndl.go.jp/
DEI-550	用明天皇皇子、推古天皇摂政。冠位十二階・十七条憲法・遣隋使派遣等を主導したと伝わる(L0、書紀)。法隆寺(世界遺産、現存最古の木造建築)・四天王寺を建立。日本書紀の聖徳太子像は後世の聖徳太子信仰による誇張の可能性もあり、近年は実在性の議論もある(L1-L2)。	日本書紀(用明〜推古紀)|上宮聖徳法王帝説(平安初期)|聖徳太子伝暦|法隆寺資財帳	法隆寺公式 https://www.horyuji.or.jp/ / 四天王寺公式 https://www.shitennoji.or.jp/ / 国会図書館 日本書紀 推古紀 https://dl.ndl.go.jp/pid/991095
DEI-587	イザナギ・イザナミ最初の子。3 歳になっても足が立たず葦舟に乗せて海に流された(古事記・書紀)。中世に「えびす」と習合(L1、西宮神社)、漁業神・寄り神(海から漂着する神)信仰の核となる。事代主系えびす(美保神社)と並ぶ二系統の一。	古事記(神代上、国生み段)|日本書紀(神代上、第一段)|西宮神社社伝|諸民俗	西宮神社公式 https://nishinomiya-ebisu.com/
DEI-005	【最高創世神格】記紀神話における国生み・神生みの主神、男神の創世神。妹であり妻のイザナミと共に天浮橋に立ち、天沼矛(あめのぬぼこ)で塩海を撹拌し滴り落ちた塩が積もって淤能碁呂島(おのごろじま、自凝島)となる。【国生み・神生み】淤能碁呂島に天降り、八尋殿を建て柱を巡る婚姻儀礼を経て大八洲(おおやしま、本州・四国・九州・淡路等)8島を生む。続いて山・海・河・木・野・風・火など35柱の自然神を生む(『古事記』神代上)。【イザナミの死】最後に火神カグツチを生んだ際、陰部を焼かれてイザナミ死亡。怒ったイザナギは十拳剣でカグツチを斬殺、滴る血と切断された体から多数の神(建御雷・経津主・倭文神等)が成る。【黄泉国訪問】妻を追って黄泉国へ行くが「見るな」の禁忌を破り、腐爛したイザナミの姿を見て恐怖、追ってきた黄泉醜女・八雷神等を撃退しつつ脱出、千引岩で黄泉比良坂を塞ぐ(死と生の境界=神話的世界観の起源)。【禊と三貴子誕生】筑紫の日向の橘の小門の阿波岐原で禊を行い、左目から天照、右目から月読、鼻から須佐之男を生む(三貴子)。【鎮座】淡路島多賀(現・伊弉諾神宮、淡路国一宮)に隠居、終焉。淡路国造の祖神でもある(『淡路国風土記』逸文)。【神道思想史】古代神道の創世神話の核、中世神道では伊弉諾を最高神格化する流派あり(吉田神道の根本神論等)。中世以降、淡路島=日本最古の国土としての観念が固定化、淡路人形浄瑠璃にも継承。【現代】伊弉諾神宮(兵庫県淡路市)・多賀大社(滋賀)・江田神社(宮崎、禊地伝承)・伊弉諾神社(全国)で祀られる、国生み・夫婦和合・延命長寿の神。	古事記(神代上 国生み〜禊段)|日本書紀(神代上 第四〜六段本文・一書)|淡路国風土記逸文|出雲国風土記|伊弉諾神宮由緒	伊弉諾神宮公式 https://kuniuminoshima.com/ / 国会図書館 古事記 https://dl.ndl.go.jp/pid/991094 / 多賀大社 https://www.tagataisya.or.jp/
DEI-006	【創世神格】イザナギの妹であり妻、国生み・神生み神話の母神格。原初の海から淤能碁呂島に降臨し、日本列島(大八洲)・諸神を生んだ女神創世神。【死と黄泉国】火神カグツチ(軻遇突智)を生んだ際、産道を焼かれて死亡。出雲国伊賦夜坂に葬られ、黄泉国(死者の世界)の主宰神となる(『古事記』神代上)。イザナギが妻に会いに黄泉国へ行くが、変わり果てた腐爛の姿を見て恐怖し逃走、追ってきたイザナミを千引岩で塞ぎ「あなたが1日に1000人殺せば、私は1日に1500人産む」の生死応酬で別離。生・死・生殖の起源神話。【熊野信仰】中世以降、熊野那智大社の主祭神「熊野夫須美大神」と同神視(L1、本地垂迹で千手観音)。死と再生・浄土往生の女神化、白河上皇以降の熊野御幸の信仰対象。【花の窟】三重県熊野市有馬の花の窟神社(高さ45mの磐座)が葬地伝承(『日本書紀』神代上 第五段一書、神々が花を捧げて祀ったとされる)、神社建築以前の磐座祭祀の遺存形態。【中世神話展開】中世神道では伊勢神道(度会神道)で創世神格として崇敬、熊野信仰では阿弥陀来迎・浄土往生の女神に転化。【神社】伊弉冉神社(全国)・三峯神社(秩父)・伊弉諾神宮配祀・熊野那智大社・花の窟神社等。安産・縁結び・死者鎮魂の神。	古事記(神代上 国生み・黄泉国段)|日本書紀(神代上 第四〜五段本文・一書)|熊野権現御垂迹縁起|長寛勘文	花の窟神社 https://hananoiwaya.jp/ / 熊野本宮大社 http://www.hongutaisha.jp/ / 熊野那智大社 http://kumanonachitaisha.or.jp/
DEI-013	アマテラスとスサノオの誓約で生まれた五男神の長子。出雲国造の祖神とされ、国譲り使者として大国主のもとに派遣されたが帰還せず大国主に従属(『古事記』)。出雲大社では大国主と並ぶ祖神格、出雲国造家(千家・北島)の遠祖。	古事記(神代下)|日本書紀(神代下 第九段)|出雲国造神賀詞|新撰姓氏録	出雲大社 https://izumooyashiro.or.jp/ / 出雲国造神賀詞(国学院)https://k-amc.kokugakuin.ac.jp/
DEI-015	【天孫降臨の主役】天照大神の孫、天忍穂耳尊と栲幡千千姫の子。記紀神話で最重要の「天孫降臨」(あまがしらすめらみまのみことのあめくだしのとき)の主神。【降臨神話】高天原から葦原中国(日本列島)の統治を委任され、三種の神器(八咫鏡・天叢雲剣・八尺瓊勾玉)と斎庭の稲穂を授けられ、天児屋根・太玉・天宇受売・伊斯許理度売・玉祖の五伴緒(後の中臣・忌部・猿女・鏡作・玉作各氏祖)を従え、日向の高千穂峰に降臨(『古事記』神代下)。降臨地は宮崎県高千穂町と鹿児島県霧島の二候補(両説とも社伝、L2)。【コノハナとの婚姻】笠沙(かささ、薩摩半島)の岬で大山津見神の娘・木花咲耶姫を見初め婚姻(寿命起源神話、DEI-083 参照)。山幸彦・海幸彦らの父となる。【皇統神話の起点】山幸彦→ウガヤフキアエズ→神武と続く皇統神話の起点で、天皇家が「天孫」(あまつかみのみまご)であることの神話的根拠。記紀編纂の最重要神話の一つ。【信仰拠点】霧島神宮(鹿児島県霧島市、霧島山中腹に鎮座、坂本龍馬・お龍が新婚旅行)、新田神社(鹿児島県薩摩川内市、可愛山陵=ニニギ陵伝承)、高千穂神社(宮崎県西臼杵郡)、宮崎神宮配祀等。【現代】天孫降臨神話は明治以降の国家神道で皇祖神話として強調され、戦後も日向神話・霧島神話の中核として継承。九州南部の地域アイデンティティの神格。	古事記(神代下 天孫降臨段)|日本書紀(神代下 第九段本文・一書)|日向国風土記逸文|大隅国風土記逸文|新撰姓氏録	霧島神宮 https://kirishimajingu.or.jp/ / 高千穂神社 https://takachiho-jinja.jp/ / 宮崎神宮 https://miyazakijingu.jp/
DEI-017	宗像三女神の長女、沖津宮(沖ノ島)祭神。海上交通・航海守護神。古事記ではアマテラスとスサノオの誓約で生まれた三柱の一。ユネスコ世界遺産「神宿る島」沖ノ島の祭祀対象。宗像大社辺津宮にも遥拝される。	古事記(神代上 誓約段)|日本書紀(神代上 第六段)|宗像大社縁起	宗像大社 https://munakata-taisha.or.jp/ / 沖ノ島祭祀遺跡 https://www.okinoshima-heritage.jp/
DEI-018	宗像三女神の次女、中津宮(大島)祭神。アマテラスとスサノオの誓約で生まれた三柱の一。海上守護・農耕の神。宗像大社中津宮(大島)に祀られ、沖ノ島祭祀と一体の信仰圏を形成。	古事記(神代上 誓約段)|日本書紀(神代上 第六段)	宗像大社 https://munakata-taisha.or.jp/
DEI-020	大国主の国造りを助けた小柄な知恵神。神産巣日神の子で、医薬・酒造・温泉の神。少彦名と共に少名彦・少彦名命とも。淡島神社(和歌山)に祀られ、薬祖神として武田薬品など現代医薬産業の信仰対象。	古事記(神代上 大国主段)|日本書紀(神代上 第八段一書)|出雲国風土記|播磨国風土記	淡嶋神社 http://kada.jp/awashima/ / 出雲国風土記(国学院)https://k-amc.kokugakuin.ac.jp/
DEI-021	スサノオがヤマタノオロチから救出した美少女、後に妻となる。出雲須賀神社(島根)創建神話の中心。スサノオが「八雲立つ出雲八重垣…」を詠んだ宮を須賀に建てたとされ、和歌の起源伝承の舞台。	古事記(神代上 須佐之男段)|日本書紀(神代上 第八段)|出雲国風土記	須我神社 https://suga-jinja.or.jp/ / 八重垣神社 http://yaegakijinja.or.jp/
DEI-030	インド祇園精舎の守護神・牛頭天王(ごずてんのう)。中世日本でスサノオと習合し疫病退散神。蘇民将来説話(『備後国風土記』逸文)で来訪神として描かれ、八坂神社(祇園社)の本地。明治神仏分離でスサノオに改称された経緯あり。中世神道・修験の重要神。	備後国風土記逸文(蘇民将来)|八坂郷鎮座大神之記|簠簋内伝	八坂神社 http://www.yasaka-jinja.or.jp/ / 津島神社 https://tsushimajinja.or.jp/
DEI-031	スサノオと神大市比売の子、年穀の神。多くの子神(大国御魂・韓神・曾富理神・白日神・聖神等)を持ち、稲作・農耕信仰の中心。京都大原野神社・大歳神社(全国)に祀られ、正月「お年玉」「年神」信仰の起源とも。	古事記(神代上)|延喜式神名帳	大原野神社 https://oharano-jinja.jp/
DEI-032	【記紀での位置】須佐之男命と神大市比売の子(『古事記』神代上)、書紀では伊弉冉が飢えて生んだ「倉稲魂(うかのみたま)」(神代上 第五段一書)。「ウカ(ウケ)」=食物の意で、原始的穀霊神。【伏見稲荷の起源】和銅4(711)年2月、秦氏の伊侶巨(いろこ)が餅を的に矢を射たところ餅が白鳥に変じて稲荷山三ヶ峰に降り、そこから稲が生えたため社を建てた(『山城国風土記』逸文)。秦氏が大陸渡来系氏族(新羅・百済系)であり、稲作・養蚕・機織技術と結合した渡来系穀神信仰の伝来とも(L2)。【朝廷崇敬】平安京遷都(794)以降、東寺の鎮守社化(空海が東寺造営材を稲荷山から伐り出した縁起)、二十二社制で上七社に列する。仁寿2(852)年従五位下から正一位昇叙(『三代実録』他)。【神仏習合】中世以降、密教の荼枳尼天(ダキニ天、インド神話の女夜叉、人肉を食べる狐に乗る神)と習合(L1)、白狐に乗る稲荷神像が成立、稲荷=狐神という民間認識を生む(本来は神使=眷属としての狐)。【近世展開】江戸期に商業神化、町中・武家屋敷の小祠まで含めれば「お稲荷さん」は最も身近な神。「伊勢屋・稲荷に犬の糞」(江戸の三多)と謳われる程の浸透。【千本鳥居】江戸期以降、願掛け成就のお礼として鳥居奉納が習慣化、稲荷山参道に約1万基の鳥居が連なる現在の景観を形成。【現代】全国稲荷神社は3万社以上(神社本庁登録)、屋敷神を含めれば10万社規模で、八幡に次ぎ二番目の系統。商売繁盛・五穀豊穣・芸能上達の神。	古事記(神代上)|日本書紀(神代上 第五段一書)|山城国風土記逸文(稲荷社)|延喜式神名帳|三代実録|二十二社注式	伏見稲荷大社 https://inari.jp/ / 山城国風土記逸文 https://k-amc.kokugakuin.ac.jp/
DEI-081	伊勢神宮外宮(豊受大神宮)の主祭神。元は丹波国の食物神で、雄略22年に天照の食事を司る神として伊勢に勧請されたと伝わる(『止由気宮儀式帳』)。穀物・食物・養蚕の神。中世伊勢神道(度会神道)では天御中主神と同体とされ、最高神格に位置づけ。	延暦儀式帳(止由気宮儀式帳)|延喜式神名帳|倭姫命世記	伊勢神宮 https://www.isejingu.or.jp/ / 国会図書館 倭姫命世記 https://dl.ndl.go.jp/pid/991096
DEI-083	【記紀での位置】大山津見神の娘、邇邇芸命(ニニギ)の妻、神武天皇の曾祖母。天孫降臨後、笠沙(かささ、薩摩半島)の岬でニニギに見初められ婚姻。【コノハナノサクヤと寿命神話】父大山津見が姉の磐長姫(イワナガヒメ)も共に嫁がせるが、ニニギは醜い姉を返し美しいコノハナのみを娶る。父は「磐長姫を娶れば皇統は岩のように永遠、コノハナのみなら花のように短命となる」と託宣し、これにより歴代天皇は不老不死を失ったとされる(寿命起源神話)。【一夜の懐妊と火中出産】一夜の交わりで懐妊したコノハナをニニギは「自分の子ではなく国つ神の子では」と疑う。コノハナは「身の潔白を証明する」と無戸室(うつむろ)を建て中に入って火を放ち、燃え盛る炎の中で火照命(海幸彦、隼人祖)・火須勢理命・火遠理命(山幸彦、神武祖父)を出産(『古事記』神代下 天孫降臨段)。火中出産は鎮火・安産信仰の起源。【富士山信仰】平安期、富士山噴火が頻発する中で噴火鎮祭の神として勧請、富士山本宮浅間大社(垂仁朝創建伝承、山足地→山宮→現本宮の遷座)の主祭神となる。後に「コノハナ=浅間大神」が定説化、富士信仰の中心神格に。【全国浅間網】江戸期に富士講(食行身禄等)が盛行、関東・東海中心に約1300社の浅間神社が成立、富士塚(都内に数百残存)が築かれた。【現代】富士山(2013年世界文化遺産)信仰の中心神。安産・火難除け・酒造(『日本書紀』神代下 一書で天甜酒を醸した)の神。	古事記(神代下 天孫降臨・山幸海幸段)|日本書紀(神代下 第九段一書・第十段)|富士本縁起|延喜式神名帳|富士山縁起	富士山本宮浅間大社 http://fuji-hongu.or.jp/sengen/ / 北口本宮冨士浅間神社 https://sengenjinja.jp/
DEI-088	【系譜】綿津見大神(海神)の長女、山幸彦(火遠理命=ホオリ)の妻、鸕鶿草葺不合尊(ウガヤフキアエズ)の母、神武天皇の父方祖母。【海宮訪問神話】兄海幸彦の釣針を失った山幸彦が綿津見宮(海宮)を訪れ、井戸端で水を汲んでいた豊玉姫と出会い婚姻、海宮で3年を過ごす(『古事記』神代下 海幸山幸段)。【出産神話】山幸彦が地上に戻った後、豊玉姫は鵜の羽で葺いた産屋でウガヤを出産する際、夫に「私の本来の姿は他国の姿(ワニ=サメ)、見るな」と禁じたが山幸彦が覗き見、夫婦の禁忌違反のため豊玉姫は海宮へ帰り母子は離別。子のウガヤを養育した妹・玉依姫(タマヨリヒメ)は後にウガヤと結婚し神武を生む(系譜の連続性)。【人魚伝説の原型】「ワニ姿に変じた女神」と「禁忌の覗き見」の構造は、世界各地の異類婚姻譚(白鳥処女伝説等)と類似、日本神話における代表的禁忌・離別譚(L2、松本信広・大林太良ら比較神話研究)。【信仰圏】志賀海神社(福岡、阿曇氏祖)・和多都美神社(対馬、海中鳥居)・鹿児島神宮(隼人系)・豊玉姫神社(全国)で祀られ、海上守護・安産・子授けの神。九州海人族(阿曇・宗像・隼人)の祖神格。【現代】和多都美神社(対馬)の海中鳥居は満潮時に海に没す古層祭祀形態を残す。	古事記(神代下 海幸山幸段)|日本書紀(神代下 第十段本文・一書)|新撰姓氏録|筑前国風土記	和多都美神社 https://tsushima-jinja.com/watatsumi-jinja/ / 鹿児島神宮 https://kagoshima-jingu.jp/ / 志賀海神社 http://www.shikaumi-jinja.jp/
DEI-091	垂仁天皇の皇女、天照大神を大和・伊賀・近江・美濃を経て伊勢に鎮祭した皇女祭主(伊勢神宮内宮鎮座縁起)。元伊勢伝承(全国20数社)の主役で、斎宮制度の起源。倭姫宮(伊勢)に祀られる。	日本書紀(垂仁紀)|皇大神宮儀式帳|倭姫命世記	倭姫宮 https://www.isejingu.or.jp/about/naiku/yamatohime.html / 国会図書館 倭姫命世記 https://dl.ndl.go.jp/pid/991096
DEI-110	高天原の知恵神。天岩戸隠れの際に岩戸前祭祀の作戦を立案。国譲り神話でも策謀役を担う。秩父神社・気象神社・戸隠神社(中社)に祀られ、思考・学問の神として崇敬。タカミムスビの子。	古事記(神代上 岩戸隠れ段)|日本書紀(神代上 第七段)	戸隠神社 https://www.togakushi-jinja.jp/ / 秩父神社 https://www.chichibu-jinja.or.jp/
DEI-154	【春日大社第四殿】春日大社の第四殿(東向き三神に対する一柱)祭神。天児屋根命(第三殿)の妻にして藤原氏遠祖の女神格。【正体不明論】「比売神」(ひめがみ)は固有名ではなく「特定の女神を指す尊称」で、正体について諸説あり: (1) 天照大神説 — 中世吉田神道系の解釈、(2) 天美鈴姫(あめのみすずひめ)説 — 中臣氏古伝、(3) 宗像三女神(特に田心姫または市杵島姫)説 — 海神系女神とする説、(4) 天児屋根の妻として記紀に登場する栲幡千千姫(たくはたちぢひめ)説 — 平安期社伝、(5) 天香山命の娘・天美津玉照比売説 — 中世神道書(L2、複数説併存)。【宇佐神宮との比較】宇佐神宮の比売大神(DEI-184)は応神・神功と並ぶ第二殿祭神で、八幡信仰圏では宗像三女神総体と理解されるのが中世以降の定説。春日と宇佐の比売神は別神格だが、神道思想史上、しばしば同体視論が起きた。【中世神道展開】比売神を最高神格化する「比売明神」信仰が春日・宇佐両系で交錯、本地は十一面観音(春日)・吉祥天(宇佐)に習合(本地垂迹)。【藤原氏祭祀】神護景雲2(768)年の春日大社創建時に第一(武甕槌)・第二(経津主)・第三(天児屋根)と同時勧請、藤原氏氏神祭祀の女神格として摂関政治期に隆盛、藤原后妃(藤原宮子・光明子等)と比売神の対応(妻=皇室女性)が神話的に意識された。【現代】春日系・宇佐系全国の比売神社で祀られ、女性守護・縁結び・家庭円満の神。	延喜式神名帳|春日大社縁起|春日権現験記|宇佐託宣集|二十二社注式|中世神道書(中臣秡訓解等)	春日大社 https://www.kasugataisha.or.jp/ / 国会図書館 春日権現験記 https://dl.ndl.go.jp/pid/2591425 / 宇佐神宮 http://www.usajinguu.com/
DEI-160	【系譜上の位置】孝元天皇の曾孫、屋主忍男武雄心命と山下影日売の子(『日本書紀』景行紀)、武内宿禰(たけうちのすくね/たけしうちのすくね)。和風諡号は無く、姓も無し。【伝説的長寿】景行・成務・仲哀・応神・仁徳の5朝に大臣相当として仕え、『日本書紀』では300余年の寿命とされる(神話的長寿で複数の歴代忠臣の事跡を統合した存在説、L2)。【主要事跡】景行朝に蝦夷征討、成務朝に大臣相当に任じられ、神功皇后の三韓征伐(新羅遠征)に従軍・補佐(『日本書紀』神功紀)、応神朝に皇位継承争い(忍熊王の乱)で応神を擁立、仁徳朝にも要職。【後裔氏族】古代有力氏族の多くが武内宿禰を遠祖と称す: 蘇我(石川宿禰)・葛城(襲津彦)・紀(角宿禰)・平群(木菟宿禰)・巨勢(雄柄宿禰)・波多(八代宿禰)・許勢・宗賀等。皇統(蘇我系を経て中大兄=天智へ)と武家系統(蘇我末裔→源平等)に深く関与。【宇倍神社】因幡国一宮・宇倍神社(鳥取市国府町宮下)で主祭神として祀られる。武内宿禰の終焉地伝承を持ち、明治の祭神制度では特に格高。【近代神格化】明治22(1889)年、日本最古の肖像紙幣として1円札に登場(神功皇后と並ぶ)、その後5円・100円札にも採用、明治〜大正期の代表的「忠臣神格」化(忠君愛国の象徴)。【現代】因幡宇倍神社・気比神宮配祀・全国武内宿禰社で祀られ、長寿・忠臣・出世・受験の神。	古事記(中巻 景行〜応神段)|日本書紀(景行・成務・仲哀・神功・応神・仁徳紀)|新撰姓氏録|公卿補任|尊卑分脈	宇倍神社 https://www.ubejinja.or.jp/ / 国会図書館 新撰姓氏録 https://dl.ndl.go.jp/pid/991110
DEI-164	住吉三神の底筒男命。イザナギの黄泉国禊で生まれた海神(中筒男・表筒男と共に)。神功皇后の三韓征伐に託宣し、住吉大社(大阪)に祀られる。航海・海上守護神。歌神・住吉明神として中世以降、和歌・連歌の守護神化。	古事記(神代上 禊段)|日本書紀(神代上 第六段)|住吉大社神代記	住吉大社 http://www.sumiyoshitaisha.net/
DEI-165	住吉三神の中筒男命。底筒・表筒と共にイザナギの禊で生まれた航海守護神。住吉大社第二本宮の祭神。神功皇后の三韓征伐における託宣神。	古事記(神代上 禊段)|日本書紀(神代上 第六段)|住吉大社神代記	住吉大社 http://www.sumiyoshitaisha.net/
DEI-166	住吉三神の表筒男命。住吉大社第一本宮の祭神。三神の最上位。海面・潮目・大潮を司り、潮干珠・潮満珠説話と関連。古来、遣唐使・遣隋使も住吉社に参拝。	古事記(神代上 禊段)|日本書紀(神代上 第六段)|住吉大社神代記	住吉大社 http://www.sumiyoshitaisha.net/
DEI-182	【人物】第15代天皇とされ、第14代仲哀天皇と神功皇后の子。母神功皇后の三韓征伐(新羅遠征)の途中で胎中にあり、筑紫の宇美で誕生(『日本書紀』神功紀、宇美八幡宮社伝、宇美=産み)。【伝承】応神朝に弓月君(秦氏祖)・阿知使主(東漢氏祖)・王仁(西文氏祖、論語・千字文をもたらす)等の半島・大陸渡来系氏族が大挙渡来した伝承多数(『古事記』『日本書紀』応神紀)。古墳時代中期(5世紀前半)の王権充実期と対応、考古学的にも渡来系遺物が増大する時期。【陵墓】伝応神天皇陵は誉田御廟山古墳(大阪府羽曳野市、墳丘長425m、日本第2位の大型前方後円墳、世界遺産百舌鳥古市古墳群)。実年代5世紀前半とされ古墳時代中期王権の中枢。【八幡信仰との習合】奈良時代までに豊前宇佐の在地神「八幡神」(DEI-181)と同体視される。神亀2(725)年宇佐神宮第一殿に「応神天皇」として祀られる(史料上の最古例)。天平勝宝元(749)年「八幡大菩薩」号授与時には既に応神=八幡が定説化。【武家信仰】鎌倉時代以降、源氏の氏神として石清水八幡宮・鶴岡八幡宮等で「武運の神」化、全国八幡社4万余の中心祭神。【近代】明治の神仏分離で八幡大菩薩号剥奪、「応神天皇」表記に統一。記紀の歴史的天皇と神格化された八幡神の重層構造を持つ複合的人格神。	古事記(中巻 応神段)|日本書紀(応神紀)|続日本紀|宇佐八幡宮託宣集|延喜式神名帳	宇佐神宮 http://www.usajinguu.com/ / 石清水八幡宮 https://iwashimizu.or.jp/ / 鶴岡八幡宮 https://www.hachimangu.or.jp/
DEI-183	【人物】第14代仲哀天皇の皇后、第15代応神天皇の母、開化天皇の玄孫(『日本書紀』神功皇后系譜)。和風諡号は「気長足姫尊(おきながたらしひめのみこと)」。母は新羅王子・天日槍(あめのひぼこ)の子孫の葛城高顙媛(かつらぎのたかぬかひめ)とされ、母系で新羅王統と繋がる(L2、書紀記載)。【三韓征伐伝承】仲哀天皇が筑紫の橿日宮で熊襲征伐を計画中、神功皇后に憑依した住吉三神(底筒男・中筒男・表筒男)が「西の国(新羅)に黄金・金銀の国あり、それを取れ」と託宣、信じなかった仲哀は急逝。皇后は男装し胎中の応神を腰に石を巻いて出産を遅らせ、新羅遠征を敢行、新羅王を降伏させ百済・高句麗も朝貢を約す(『日本書紀』神功摂政前紀)。古墳時代中期の半島出兵の神話化。【摂政】仲哀崩御後、応神即位までの間、女帝相当の摂政として69年治世(『日本書紀』神功摂政元〜69年)。明治期まで歴代天皇に準じられたが、戦後の皇統譜整理で除外。【卑弥呼比定説】『日本書紀』神功紀には『魏志倭人伝』の卑弥呼関連記事(景初2・3年、正始4・8年の遣使)が割注で引用されており、書紀編纂者が神功=卑弥呼比定を意図したと見られる。実年代では神功と卑弥呼は世紀ずれており別人格とするのが学界通説(L4は神功=卑弥呼直接同一性、L2は書紀編纂意図の卑弥呼比定論)。【信仰】宇佐神宮第三殿、住吉大社第四宮(神功皇后宮)、京都祇園社・誉田八幡宮等に祀られ、安産・武運・国家鎮護の神。応神とセットで八幡三神の一柱。	古事記(中巻 仲哀・応神段)|日本書紀(仲哀紀・神功摂政紀)|住吉大社神代記|風土記諸逸文|宇佐八幡宮託宣集|魏志倭人伝(神功紀割注)	宇佐神宮 http://www.usajinguu.com/ / 国会図書館 日本書紀 https://dl.ndl.go.jp/pid/991100
DEI-191	【修験道本尊】蔵王権現(ざおうごんげん)は日本独自の権現(神仏習合神格)で、インド・中国に直接の典拠を持たない和製仏神(L0)。金峯山寺(吉野)が本山、修験道(山伏)の最高信仰対象。【感得伝承】役行者(役小角=えんのおづの、7世紀後半の伝説的修験者)が金峯山(吉野山〜大峰山)で1000日修行の末、過去の釈迦・現在の千手観音・未来の弥勒という三世仏が忿怒形で顕現したと感得、これを「金剛蔵王権現」として祀ったのが起源(『金峯山秘密伝』『諸山縁起』、L1-L2 伝承)。【姿】右手に三鈷杵、左手刀印、右足を高く上げ髪逆立つ忿怒形の青身像(東大寺戒壇院の蔵王権現像は重文)。釈迦・観音・弥勒の三身一体を表現する独自図像。【信仰圏】吉野金峯山寺蔵王堂(本山)・大峰山寺・吉野水分神社・全国の修験霊場(英彦山・羽黒山・石鎚山・八海山・大山等)で祀られ、修験者・山伏が最高祈願対象とした中世日本の山岳信仰の中心神格。【中世展開】吉野信仰は南北朝期に重要性を高め、後醍醐天皇の南朝拠点となる。山岳仏教と神道の融合形態として独自の山伏儀礼・装束(結袈裟・斑蓋・法螺貝)・修行体系(峰入り・抖擻)を発達。【明治神仏分離】明治5(1872)年、修験道廃止令により蔵王権現は仏教神として神社祭祀から排除、多くの修験社が「金山毘古神」(かなやまひこのかみ)・「金山姫神」等の記紀神に置き換えられた(全国の蔵王権現社の改名)。【現代】戦後、修験道復興。蔵王権現は金峯山寺・大峰山寺等で現在も祀られ、修験道の中心神格として復活。山岳信仰・厄除けの神。	金峯山秘密伝|諸山縁起|修験道章疏|修験三十三通記|金峯山寺縁起	金峯山寺 https://www.kinpusen.or.jp/ / 大峰山寺 https://www.ootemiroku.jp/
DEI-192	熊野速玉大社(熊野新宮)の主祭神。中世以降、伊弉諾尊・薬師如来と同体視(L1、本地垂迹)。元は神倉山(神倉神社のゴトビキ岩)に降臨した磐座神。熊野三所権現の一柱、熊野信仰の中心神格の一つ。	熊野権現御垂迹縁起|長寛勘文|諸山縁起	熊野速玉大社 https://kumanohayatama.jp/ / 神倉神社 https://kumanohayatama.jp/?page_id=18
DEI-193	熊野那智大社の主祭神。中世以降、伊弉冉尊・千手観音と同体視(L1)。那智の滝(飛瀧神社)を御神体とする磐座・滝神。熊野三所権現の一柱。西国33所第1番札所の青岸渡寺と神仏習合形態を残す。	熊野権現御垂迹縁起|長寛勘文|諸山縁起	熊野那智大社 http://kumanonachitaisha.or.jp/ / 飛瀧神社(熊野那智大社) http://kumanonachitaisha.or.jp/hirou/
DEI-194	【熊野本宮の主祭神】「ケツミミコ」(食津御子)=食物を司る神格、熊野本宮大社(和歌山県田辺市本宮町)の主祭神。熊野三所権現の中心神格(他二所:熊野速玉大神=DEI-192、熊野夫須美大神=DEI-193)。【降臨伝承】熊野川の中州・大斎原(おおゆのはら、明治以前の本宮鎮座地)に三本の月が一夜にして三本の檜となり、その梢に降臨したとされる(『熊野権現御垂迹縁起』)。元来は熊野の在地神(山岳・河川・縄文以来の磐座祭祀)、平安期に記紀神話との習合が進む。【神仏習合】平安末期から中世にかけて「家都美御子大神=素戔嗚尊」「本地仏=阿弥陀如来」とする本地垂迹説が確立(L1、『長寛勘文』『諸山縁起』)。中世神道五部書では熊野信仰を最高神道と位置づけ。【院政期熊野御幸】白河上皇(治承元年=1090初の御幸、生涯9回)、鳥羽上皇(21回)、後白河上皇(34回)、後鳥羽上皇(28回)らが頻繁に熊野参詣を行い、王法仏法の融合の精神的中心となる。庶民にも「蟻の熊野詣」(平安末〜室町)として広がり、参道(熊野古道)に九十九王子の祭祀点を生んだ。【近世以降】江戸期も「熊野信仰」として男女問わず広く信仰、明治の神仏分離で本地垂迹は公式廃止されたが、現在も習合的な信仰実態が残る。明治22(1889)年の熊野川大洪水で大斎原社殿流失、現本宮(山上)へ遷座。【世界遺産】2004年「紀伊山地の霊場と参詣道」としてユネスコ世界遺産登録。【現代】八咫烏(熊野の使い)が本宮神紋、サッカー日本代表エンブレムとしても採用。	熊野権現御垂迹縁起|長寛勘文|諸山縁起|平家物語|玉葉|延喜式神名帳|中世神道五部書	熊野本宮大社 http://www.hongutaisha.jp/ / 紀伊山地の霊場と参詣道(世界遺産) https://www.tb-kumano.jp/
DEI-195	白山(石川・福井・岐阜)の主神。8世紀、修験者・泰澄が感得し開山したと伝わる(L1、養老元年=717年)。本地は十一面観音。白山比咩神社(石川県白山市)を本宮とし、加賀馬場・越前馬場・美濃馬場の三馬場で全国2700社余に勧請。菊理媛と同体視。	泰澄和尚伝記|白山之記|白山由来記	白山比咩神社 https://www.shirayama.or.jp/
DEI-202	月山(山形)の主神。出羽三山(月山・羽黒・湯殿)の一。本地は阿弥陀如来。月山神社(山頂)が本社、麓に月山本宮。修験道の重要霊場で、芭蕉『奥の細道』で詠まれる。月読命と同体視。	羽黒山年中行事記|諸山縁起|奥の細道	出羽三山神社 http://www.dewasanzan.jp/
DEI-203	羽黒山(山形)の主神。出羽三山の一、本地は聖観音。崇峻天皇の皇子・蜂子皇子が開山と伝わる(L2)。出羽三山神社(三神合祭殿)で月山・湯殿と共に祀られる。修験道羽黒派の本宗。伊氐波神(いではのかみ)と同神視。	羽黒山年中行事記|諸山縁起	出羽三山神社 http://www.dewasanzan.jp/
DEI-204	湯殿山(山形)の主神。出羽三山の一、本地は大日如来。「語るなかれ、聞くなかれ」と称される秘所の神。御神体は温泉湧出する巨岩。大山祇命・大己貴命・少彦名命と同体視。修験道・即身仏文化と結合。	羽黒山年中行事記|湯殿山行人帳	湯殿山神社本宮 http://www6.ocn.ne.jp/~yudono/
DEI-216	龍田大社の主祭神。風神・天御柱命と国御柱命の二柱。崇神朝の創建伝承(『延喜式祝詞』龍田風神祭祝詞)。風水害防止・五穀豊穣の神として朝廷の風神祭(4・7月)の対象。広瀬大社(水神)と対をなす。	延喜式祝詞(龍田風神祭)|日本書紀	龍田大社 https://www.tatsutataisha.jp/
DEI-507	初代天皇とされる神武。日向高千穂から東征し、大和橿原で即位(BCE 660 神武紀年、L4-L5 史実性は議論)。橿原神宮(明治23年創建)・宮崎神宮に祀られる。皇祖神話と建国神話の中心人物。	古事記(中巻 神武段)|日本書紀(神武紀)	橿原神宮 http://www.kashiharajingu.or.jp/ / 宮崎神宮 https://miyazakijingu.jp/
DEI-510	大国主と共に国造りを行った医薬・酒造の神。神産巣日神の子で、ガガイモの船に乗って来訪。短命で常世国へ去る。少彦名命とも(DEI-020 と同神異名扱いの場合あり)。淡島神社・大洗磯前神社等に祀られる。	古事記(神代上 大国主段)|日本書紀(神代上 第八段一書)|播磨国風土記	大洗磯前神社 https://oarai-isosakijinja.or.jp/ / 淡嶋神社 http://kada.jp/awashima/
DEI-511	武蔵国総社(大國魂神社・東京府中)の主祭神。武蔵国開拓の祖神とされ、大国主と同神視。武蔵六所宮(大国魂・小野・小河・氷川・秩父・金鑚・杉山)の中心。くらやみ祭(5月)の主催神。	延喜式神名帳|武蔵総社縁起	大國魂神社 https://www.ookunitamajinja.or.jp/
DEI-004	三貴子の一柱、夜の神。イザナギの右目から生まれ夜之食国を統治。記紀には事績の記載がほとんどなく謎の神。月山神社(出羽三山)・月読神社(京都松尾大社摂社)に祀られる。月暦・潮汐・夜間漁労との関連が想定される。	古事記(神代上 三貴子段)|日本書紀(神代上 第五段)	月読神社(松尾大社) http://www.matsunoo.or.jp/tsukiyomi.html / 月山神社 http://www.dewasanzan.jp/
DEI-008	造化三神の一柱、高天原に最初に成った三神の三柱目。タカミムスビと並ぶ「ムスビ(産霊)」神で、創造・生成の根源神格。出雲神話ではスクナビコナの父(『古事記』)、出雲国造神賀詞では「神魯伎・神魯美命」と並称。	古事記(冒頭神代上)|日本書紀(神代上 第一段一書)|出雲国造神賀詞	国会図書館 古事記 https://dl.ndl.go.jp/pid/991094
DEI-058	福井神。福井市・足羽神社の祭神とも、または式内社の地祇。記紀記載は乏しく、福井の地域神格として位置づけ。継体天皇との縁起伝承を持つ足羽山周辺の古社祭神。	延喜式神名帳|越前国神名帳	足羽神社 http://www.asuwajinja.jp/
DEI-509	大那牟遅神は大国主の別名の一つ(『古事記』では大穴牟遅神とも)。出雲神話で兄神たちにいじめられ二度死に蘇る試練を経て、根の国でスサノオの試練を受け国造りへ。記紀では7〜8の別名を持つ複合神格。	古事記(神代上 大国主段)|日本書紀(神代上 第八段)|出雲国風土記	出雲大社 https://izumooyashiro.or.jp/
